total_distance,average_speed,speed_std,num_movements,idle_time,direction_changes,coverage,label
10587.00264,100.5125059,70.52442166,244,30.81416442,98,0.000901854,1
5262.435393,13.85346108,66.78085676,49,7.662463725,158,0.000576851,1
8001.393612,458.8701894,491.2776008,59,36.31045468,337,0.000477398,0
13612.03989,547.4784076,168.6789939,145,3.669017586,296,0.000483059,1
5568.15326,262.643852,395.1986498,163,7.989105289,262,0.000573991,0
11989.91941,549.576005,439.8405042,378,4.744799595,285,0.001528722,1
5601.474188,428.755181,59.32772171,131,22.56447851,129,0.001368906,1
14528.73702,239.0521453,246.1183073,142,21.9003855,85,0.001688141,1
1715.510922,203.3554783,364.5717481,172,12.96169381,22,0.000140319,0
13129.76473,214.4321533,254.4529906,156,26.43368403,69,0.000207493,0
12643.2647,394.7604434,318.266389,78,17.74748624,334,0.000805115,1
10918.57208,397.0430202,315.8049647,257,28.83810929,348,0.001268558,1
12049.68472,553.2728055,371.9928088,31,14.62280858,302,0.001267891,0
13604.33869,281.6808183,152.7087461,24,28.04588162,271,0.000573706,1
18843.56275,213.8042538,293.2368447,418,28.47192184,130,0.000367016,0
12873.85676,175.4381054,274.4111835,58,33.73617703,149,0.001882085,1
6318.544711,411.5821188,211.4421732,142,26.80062509,207,0.00065284,0
4140.687564,78.07949843,544.1506616,9,3.343555984,105,0.000754678,0
4038.977408,380.0863168,223.5780444,531,6.79185798,189,0.001107255,1
878.7261845,287.7320465,184.16699,517,16.91006646,49,0.001911718,1
15246.53486,109.6104516,280.1082378,516,12.83913979,239,0.000269444,0
7214.482959,279.4151772,334.1441345,65,12.72363742,248,0.00176242,1
14019.54936,188.2347421,477.3444051,351,23.97297385,38,0.001556678,0
6634.708022,359.3067755,257.5407463,489,32.96188046,314,0.001620384,0
15958.47642,590.5591179,86.06064665,202,6.708298409,220,0.001275955,0
18829.20114,451.9553459,352.9488644,385,21.97665722,110,0.000817765,1
14857.9855,347.1681945,518.7012921,277,19.13031049,171,0.001316383,0
4845.433619,458.7830337,558.5038806,421,26.55886509,227,0.000190901,1
18623.60362,539.8501476,577.634057,341,37.5067942,118,0.000939845,1
7081.250463,599.919149,70.81590991,108,7.512160204,27,0.001244715,0
2460.179034,248.8333426,157.4992095,493,37.17370386,304,0.001922237,0
1239.951823,344.2898429,322.9351633,45,39.32089195,29,0.001574349,0
827.6595225,452.9002696,367.0520401,14,38.1569131,145,0.000718285,0
14697.29415,529.7587081,574.4866758,84,36.04309993,244,0.000907434,1
16602.14855,394.8762908,556.8193116,70,37.64638479,62,0.000487893,0
5430.449522,242.7472596,68.33885184,263,28.04803605,234,0.001035115,1
14554.94546,235.547283,130.278986,76,7.897760793,270,0.001619866,1
19838.24951,578.3520217,174.4152288,193,12.06435677,92,0.001714717,1
9735.550913,137.4150497,192.0511779,460,23.1951872,330,0.001304513,1
15581.87824,559.6466382,275.9892539,280,4.377593683,261,0.001798769,1
17566.69412,453.9976501,181.4485394,53,20.23817099,298,0.001670891,0
873.4612278,166.6387559,540.6295093,165,32.08337535,238,0.000985597,1
16046.99354,513.0446254,419.4425688,22,27.07697263,209,0.001039346,0
8407.68204,329.3228122,477.0241399,77,36.63244664,158,0.001240217,0
14916.19883,441.1485392,330.2548731,258,17.29029061,6,0.000224225,0
9482.72034,208.4300938,461.7223765,261,9.034666523,285,0.000225992,0
5068.203303,577.209924,588.6161269,62,1.072255914,101,0.001692333,1
8886.735502,191.7946717,497.8999962,49,1.206666166,154,0.000293764,1
9542.158864,143.00053,351.0570337,334,3.937231184,328,0.001056353,0
521.6445905,204.5699971,478.5010695,247,25.30008841,296,0.00126456,1
16551.98407,415.253272,65.24519537,139,36.64454766,173,0.000978743,1
3284.923396,352.0386826,88.74628133,480,3.695606808,40,0.001089362,1
13202.83773,313.5586428,160.572321,183,14.1531393,135,0.00059921,0
14538.8545,567.4857616,100.921272,206,29.6776081,197,0.001998694,1
5539.772612,230.3902335,404.1937365,442,10.38956108,134,0.000898946,1
17708.06157,405.3066933,473.5753849,333,24.66499892,81,0.000746936,0
7992.955559,318.8266144,442.6129459,238,0.566719199,188,0.001959291,1
15434.41226,169.5183604,451.7666635,40,16.06523731,147,0.000461287,1
6862.093718,357.1237126,230.2927313,348,36.27038485,290,0.001767076,1
8899.275418,381.4389121,365.7227499,449,0.854546958,289,0.000444201,0
18369.14031,534.1161559,531.8873855,530,9.8880856,349,0.000397661,1
12376.90515,481.5261333,584.3870486,288,2.639980596,240,0.001685542,0
5000.383457,444.3472208,107.4821032,501,5.009586543,267,0.000718698,1
15244.15025,152.1107553,209.2062545,459,17.70583374,173,0.000758326,0
14426.96052,283.7362797,300.6353955,336,26.95435898,252,0.000833565,1
3504.349553,274.4783956,536.6959271,179,34.95368265,65,0.00167021,0
7799.193239,284.2034476,527.4963502,80,25.87338247,172,0.001864335,0
16721.62914,68.00365186,298.2465712,24,4.488468686,202,0.001546149,1
1435.721894,421.2555877,258.5029906,375,29.87992784,283,0.000664035,1
17391.30306,30.92764762,489.2779021,380,31.85021009,329,0.00019975,0
14343.49131,103.8047514,408.968717,341,34.24809378,38,0.000208931,0
19702.70816,134.5732749,467.4210255,242,13.68197129,9,0.001243035,1
8145.594211,459.7736143,570.9298967,76,27.95516514,58,0.000130676,1
7449.345148,135.6090635,522.5910534,241,29.26700314,231,0.000290216,0
8382.027492,358.2282789,56.21302871,252,15.83904005,332,0.001017778,1
12975.75089,587.1061875,453.2019169,317,1.991443566,75,0.000353246,1
16690.29667,536.7395657,200.8495401,162,4.27849671,230,0.00024659,1
4704.281877,401.9001621,478.1923218,236,4.369338177,145,0.000942004,1
6890.266589,181.9903135,156.4229792,49,15.4344418,8,0.000977826,1
2811.996237,249.7123311,271.8580492,382,4.103684937,237,7.73E-05,1
9043.438822,550.1363156,136.6688436,186,5.193484015,246,0.00111165,0
11658.03205,488.1617671,325.6854818,121,12.81702714,264,0.000939509,0
6937.463881,272.1486111,410.6660122,343,26.70497205,339,0.001087455,1
8767.366786,209.2522777,74.96054333,359,7.953091354,336,0.000297282,0
17973.54003,199.1586039,579.1981538,318,4.375275064,188,0.001538673,1
6175.406182,439.6151316,291.3509502,226,0.905633248,16,0.00051567,1
3720.842847,47.77514492,107.0082566,116,28.30108137,230,0.000287533,0
16262.05592,593.2592531,63.83004571,255,10.27914808,322,0.000147369,0
17116.87014,188.999645,136.8212808,512,27.53894969,297,0.000403633,1
11302.82315,446.1642848,113.3024962,379,10.66265906,329,0.000315488,0
18189.02122,261.5058481,338.4782881,67,16.21874699,48,0.001188643,0
11536.89636,369.0238031,299.6914405,146,27.49211986,231,2.16E-05,0
9927.472794,215.7570055,277.5772654,386,35.87029524,195,0.000280294,0
19067.28155,467.4010271,127.3764662,147,5.590661061,301,0.000242111,1
12102.12364,280.4466255,211.735632,431,20.16501872,306,0.000477545,0
16562.81844,183.4970363,461.2111239,374,15.41077361,288,0.001839237,0
17801.36707,11.47089664,442.6432993,459,25.6885899,145,0.001170204,1
8452.905437,97.00537539,338.4317681,30,19.08338587,46,0.00022447,0
13489.28396,374.9664555,350.2844543,126,9.176504356,188,0.000610271,0
9282.111155,554.0652815,160.0264723,427,28.65899466,72,0.001369677,1
15733.07751,19.669251,362.0407417,187,23.42829917,42,0.000228176,0
11673.91594,503.7283015,178.6871964,333,4.494310019,25,0.000965589,0
14917.03515,123.0814182,156.7824922,499,31.52579466,238,0.00034144,0
11772.29052,557.3576903,401.6277491,147,5.880205472,112,0.001137271,1
10499.99359,29.24608336,373.1771445,77,31.22329768,236,0.000744197,0
5859.665853,339.7979595,51.67535068,76,34.22071174,285,0.001672647,1
9500.53309,384.6894803,463.6844978,233,39.54086616,257,0.000663223,0
15547.30281,578.4847357,341.8571239,527,27.91880754,248,0.001504399,1
11613.89805,104.3967271,267.1508477,212,31.52783762,130,0.001104107,0
19305.81222,81.9503177,148.2486926,409,28.19771392,164,0.001821606,1
5893.671087,299.8113981,310.4791855,115,31.41310125,97,0.001904408,0
16138.84579,387.7837326,563.2647444,237,26.26413045,69,0.001418774,1
11367.7146,440.026371,343.5117902,419,35.33429884,294,0.001966927,1
8763.315958,76.77133886,300.8810774,256,5.351977624,92,0.001953812,1
4319.529575,475.9532704,143.0431064,517,12.67187366,283,0.001501755,1
12588.39678,468.2720511,156.2599901,529,29.38699029,29,0.000466406,1
15832.00339,41.90318671,320.0483126,237,9.151254936,43,0.0002637,1
4201.385474,464.2058036,107.1606803,112,12.17117888,110,0.001872152,1
1749.805102,591.3952224,420.1663006,31,1.314387747,70,0.000534956,0
7691.74033,401.7869514,108.8903535,13,10.18210275,305,0.001709511,1
1026.475052,93.10424039,512.6876673,319,9.179106527,284,0.000954856,0
4450.511512,343.0560289,225.8798653,85,39.09596822,191,0.000293072,1
877.1865324,167.3457149,362.2869308,324,17.65816529,276,4.89E-05,1
17249.38896,536.1445247,296.5631837,131,33.10047167,236,0.001070619,1
13550.50575,536.7303997,274.3998614,371,37.74118094,193,0.001347225,0
9105.25132,439.6527545,217.50725,299,0.559431589,324,0.000998327,0
4784.078892,327.5194784,495.214223,453,10.1002731,151,0.001867285,1
14424.94926,153.6518159,312.6012571,404,1.641266726,124,0.000687128,0
3100.450386,586.8657414,307.9052477,512,36.21935995,293,0.000488432,1
11840.28436,269.2176734,133.1617792,85,24.0162757,21,0.0008577,1
9693.469392,372.532884,128.5144804,156,36.5452695,152,0.000451602,0
2890.815209,184.1210289,297.2355615,27,19.22870628,123,2.85E-05,1
9658.70488,514.4792771,268.9385863,134,34.75900123,3,1.67E-05,1
11274.41775,576.1676922,193.1289354,306,21.80279009,251,0.000254722,1
8379.177096,167.9905515,62.53973802,277,15.26395625,19,8.64E-05,1
10453.45438,545.2734697,444.8427752,269,18.79140417,341,0.00170503,0
8342.896109,51.19410681,486.8088781,189,5.426924058,210,0.000169575,0
1544.687482,132.8602726,177.7506303,147,5.332573916,192,0.001853165,0
9363.824552,581.5991487,115.7956618,89,2.98429879,179,0.001232895,0
1026.442343,113.6382811,141.7577722,538,16.85988996,226,0.000622217,0
11554.84473,269.9079379,159.902524,163,14.56318173,199,0.001568663,0
8528.495878,107.3562729,488.839861,39,9.203772542,107,0.000827271,0
10973.07785,84.78047184,433.6825069,486,13.73350211,157,0.001096433,1
609.2037251,146.5689036,361.5624704,221,25.63801398,262,0.00093232,1
14767.96249,241.525718,184.8724605,464,8.066280757,202,0.000877312,1
19271.29629,213.9907352,595.2397963,113,24.25155562,200,0.000804007,0
16861.76946,114.2793354,329.855383,13,23.65078589,188,0.001770735,1
11741.42881,127.8616254,226.5590136,356,28.41745327,6,0.000340026,0
7894.875384,428.3016445,277.3269614,154,32.36938046,287,0.000327267,1
5297.135353,340.8722534,82.69095898,328,22.09695985,84,0.001839373,1
2427.864627,267.0573946,281.6299455,535,25.60415563,215,0.001261626,0
2403.137887,157.308247,356.541589,141,20.33088147,252,0.001072745,0
6314.498983,307.4976617,415.6334845,99,23.77524932,229,0.001119103,1
17560.09222,110.4702438,511.5483082,242,17.38355303,345,0.00127624,1
4276.397929,273.5538514,551.3998933,22,5.28450112,230,0.000454458,0
5007.562649,391.8832188,281.6414319,435,27.47437032,146,0.001292707,0
16818.79614,408.3887436,236.843586,523,22.34163671,54,0.000512151,0
14091.45571,372.778959,561.5880178,295,10.57887822,98,0.001659905,1
5916.307986,230.2559057,290.8476993,217,30.49703335,224,0.00054444,0
11773.16834,148.2167956,451.0383714,349,37.12605126,221,0.001987833,1
5157.436814,528.3102981,532.7634825,365,33.32928173,133,0.001364114,1
18630.44748,304.8041351,495.3350352,431,32.3212653,105,0.001479308,1
7540.504513,179.7064847,444.2226412,496,13.75153293,206,0.001690353,0
11022.62612,527.7633232,400.4856503,286,26.40623758,248,0.000692555,1
12619.86025,58.49427814,478.7546293,350,3.009445981,21,0.000221639,1
4929.106878,301.7319007,346.0493981,458,4.955687301,54,0.001479133,0
18821.50815,310.5131903,296.0023581,392,38.09577172,200,0.001118371,0
6079.795677,429.6821904,224.3519535,439,34.41131084,70,0.001608227,1
14929.83759,99.99563764,542.906668,493,33.60187438,256,0.00050577,0
8910.608998,106.6720091,388.1726581,53,25.74867484,144,0.000647909,1
11067.55609,277.8414008,364.6970769,299,15.42858953,55,0.001531313,0
10971.90682,411.5758392,51.74813714,392,28.01129187,319,0.000646327,1
1509.27746,598.1718127,508.9748562,78,32.91569558,253,0.001388927,0
11437.14492,546.1548324,313.503903,256,16.81590427,196,0.001775512,0
6209.373801,573.9581011,162.9597353,443,6.188176303,190,0.001318244,0
7008.225162,274.1361507,123.9071057,152,32.97082301,321,0.001390768,0
9432.948951,318.7859497,516.9299205,188,9.995587845,117,0.001780763,0
12999.9274,174.0408332,283.5662384,379,38.99070169,222,0.001356665,1
8759.099352,71.72333249,299.3267705,140,5.976370699,313,0.001379551,0
560.8856782,23.45091788,357.0117972,492,18.2815441,95,3.62E-05,0
6252.443442,185.0856003,381.0214604,134,28.89536208,309,0.001952148,1
12309.33223,125.6099391,191.2197935,22,17.7350873,239,0.001608895,1
12195.84388,269.1008792,409.6115041,500,35.85862631,321,0.001061896,0
4072.226487,586.660812,392.9690133,273,21.4331695,264,0.001182005,1
13686.19709,293.2321721,116.1349995,473,16.83331334,222,0.001753639,0
2456.974772,131.1988798,460.5365222,510,29.52733781,81,0.001377504,1
16829.11036,267.8468639,166.291719,309,9.140625717,139,0.000492186,0
5908.830386,40.53479073,111.3977676,234,22.1714887,125,0.001945818,1
4374.162582,433.6666895,85.96983741,75,20.18694731,183,0.000444206,0
17816.12325,567.3689714,551.8272387,539,7.901818456,43,0.00072314,1
6542.77875,479.2004934,353.8013409,531,11.82877817,95,0.000960193,0
12449.36784,245.1203604,152.119499,502,15.11195814,136,0.001597903,1
12869.03454,547.3594047,239.5425035,246,15.01628146,265,0.000560695,0
1031.934982,108.5826931,270.0202117,415,9.603812277,116,0.000986271,1
18878.62639,497.8806341,165.4274152,442,37.5057925,36,0.000807271,0
17954.81508,435.8275901,105.2285994,307,32.36145729,347,0.000267248,0
7151.947789,110.9574691,581.6777881,106,20.0958969,320,5.41E-05,1
12771.73118,542.7115561,53.55017706,40,1.697107088,332,4.94E-05,0
4332.631878,270.8927168,333.3566311,523,39.22354706,35,0.000604407,1
10617.51841,147.8700091,297.4519556,190,20.54256164,219,0.00025067,1
15119.89958,524.0449256,554.666194,432,32.08392637,55,0.001766311,0
17205.93486,150.121252,301.8599255,430,37.79375104,277,0.000768345,0
17973.10519,349.3465829,93.00120849,220,0.79935615,116,0.001451767,1
10483.35196,167.7774332,431.5017169,28,21.96745679,67,0.0015292,0
15298.19556,212.0088437,432.0488834,478,4.966590036,233,0.001018813,0
4677.025372,384.8862426,479.1350842,179,19.23288647,215,0.001810616,0
13344.28187,60.09450857,220.304426,524,10.6834799,256,0.00084294,1
3565.229882,98.82391284,555.3532485,444,37.60979228,219,0.001485362,1
19169.99992,236.9330816,53.11844711,305,23.96678793,124,0.001118841,0
17287.92517,200.9074094,77.97472136,503,36.35099158,128,0.001305254,1
13104.99744,390.8663648,516.5183568,501,20.68781302,343,8.23E-05,0
12432.4337,311.0365934,307.1290036,509,31.54634085,18,0.000869526,0
10298.95885,527.0137825,204.8278791,440,30.11360899,299,0.001350706,0
19233.80243,449.8570584,231.0264262,191,4.840353685,214,0.000328473,0
1624.140136,580.484643,393.9888849,228,33.42309504,19,0.001012656,0
6150.663326,482.0464708,323.4271852,193,12.08715807,11,0.000171355,0
6163.057272,361.6800698,381.8853952,296,29.51061413,181,0.001008121,0
7950.623302,190.7114843,162.3958748,548,20.25017407,171,5.64E-05,1
1369.656985,585.5802611,553.6490545,127,33.86640803,45,0.001598634,0
6629.391776,396.8985107,472.8363782,12,7.04974519,95,0.00054284,0
6482.872763,273.7693416,512.49857,41,30.67501889,120,0.000465575,1
16661.81178,255.1421318,596.3313124,546,25.37176314,52,0.000103754,0
17019.81478,536.882102,528.2494436,336,32.98436714,262,0.001665082,0
7251.338773,520.5573964,119.824466,178,14.19744016,265,0.000997333,1
8960.921338,47.46693817,185.1174253,99,15.28470154,75,0.001908355,1
15090.56201,142.9743257,130.8135607,490,20.17672939,82,0.001906973,1
5970.252869,403.2005304,211.8455917,205,30.17183236,205,0.000592529,0
14748.62805,345.6970455,491.0303974,22,29.03888968,57,0.001640874,1
7765.86522,126.2495042,169.3342424,189,2.989504943,144,0.001358239,0
18224.39329,101.1138985,102.2121597,315,39.2799834,151,0.000602486,1
13719.39597,30.13044626,196.4625059,119,4.724028276,25,0.000120039,0
13497.97076,335.9124848,499.0563651,514,17.4645675,55,0.001752065,0
14901.83644,158.7032633,230.0525386,327,7.916915204,104,0.001610917,0
14577.12781,313.5144602,461.8054993,191,18.66062861,301,0.000541038,1
693.0128778,296.8525027,248.61145,139,14.4377088,323,0.001213695,0
16078.61531,42.30621257,260.8270347,364,14.78759059,250,0.001317584,0
1063.672464,385.8381602,71.56659745,299,24.0552388,201,0.001292591,1
3238.951255,592.6389996,365.5568694,302,4.577026104,103,0.001648027,1
6253.846722,197.2149764,201.3819701,111,36.32579306,209,0.001020447,0
18776.32719,367.7891947,184.8833182,202,18.73738241,26,0.000464528,1
2860.727864,134.1536999,490.5609347,538,37.55392227,324,0.000745285,0
15341.95579,596.6662319,479.4848501,433,6.549246276,278,0.001259025,1
17497.55412,446.8789708,167.9737397,529,28.60838724,124,0.001024304,1
17445.99387,362.023928,555.1178551,282,36.89788758,250,0.00157264,1
2666.862412,343.2723582,348.3894042,158,24.65534741,51,0.000348817,1
5422.369019,341.0686253,215.4910684,380,3.374431208,253,0.000990531,0
17278.63615,430.9218743,364.8764825,314,30.0098682,154,0.001739414,1
18196.76399,251.4278367,160.89998,133,22.79982883,84,0.00162106,1
4060.216104,334.1919103,90.28318028,474,20.23057685,6,0.000144616,0
3327.200521,153.4374583,338.6498895,148,27.74166561,131,0.00056007,1
8322.863737,44.80274622,351.1741091,289,5.001660339,37,0.001759979,0
1788.271276,285.8335858,528.4990406,443,18.20260936,64,0.001953214,1
4773.514777,39.77451014,276.8559024,269,9.651902369,159,0.001419911,1
8676.431,279.2488629,374.5469079,527,10.3233798,17,3.54E-05,1
13880.08156,235.2931705,560.3310054,190,37.93852406,300,0.001200163,0
12001.58391,244.0914035,304.3755902,265,30.79640644,150,3.26E-05,1
11202.86112,32.2711529,149.1393283,22,1.487496966,12,0.001258594,0
17153.37607,59.26196263,60.22029115,449,38.18160431,40,0.001518286,1
859.0515526,534.0025817,127.5207877,142,35.78619006,284,0.000876386,1
19675.10046,204.131699,258.6612582,494,3.885123573,265,0.001374647,0
7262.178799,294.5909375,573.0809361,521,31.89909042,64,0.001485098,1
15661.17767,361.0473604,137.28978,108,5.387590943,98,0.000895088,1
11963.78761,76.56267898,529.8901646,410,25.26105051,318,0.001851417,0
19191.43524,241.6897282,511.4054409,415,33.84106553,267,0.000208376,1
8198.677145,261.1044957,216.8228388,390,5.802498779,44,0.001418532,0
13663.31977,553.4800122,567.3022483,447,14.30224411,338,0.001994123,0
17575.73621,433.428968,385.7339017,325,11.40150155,135,0.00112044,1
8440.650397,356.54265,152.1993781,406,10.40969782,49,0.001562765,1
11281.21638,505.0488256,148.5007403,340,30.11909587,128,0.000134502,1
11723.29934,133.4182265,205.6698057,265,30.854505,47,0.000206782,1
5971.117269,332.973169,70.71502598,483,25.84967095,110,0.001114438,0
12107.02582,540.1907198,146.63476,169,18.95294858,276,0.001997735,1
10362.49119,331.0986708,279.298228,214,9.612627796,168,0.001793083,0
12116.79251,86.12302556,488.2810172,338,9.569481051,288,0.000323237,0
6493.651034,489.8524014,55.562142,100,32.293736,109,0.000602549,0
17657.46481,123.7044037,463.3738013,313,36.49968941,195,0.001056115,1
18148.94806,488.9126751,85.34342684,112,33.52693411,169,0.00136755,1
19253.76459,190.9429964,232.3616448,436,14.80972878,137,0.00168334,0
18302.13356,237.7853508,551.5653741,289,16.97287085,135,0.001645256,0
8280.797455,122.0239239,215.4842223,124,20.29648353,169,0.001632151,1
1262.332908,532.287786,81.88747372,191,27.23995776,203,0.001772279,0
16418.01942,484.443604,159.0969573,544,5.543974111,308,0.000360814,1
14132.65542,345.3851866,214.1914545,413,0.970269519,92,0.000906565,1
11991.50258,130.6585898,398.8145055,209,13.2697506,275,0.000839347,1
15855.31523,150.6075742,213.400272,429,10.03153883,195,0.00162564,0
11936.61182,521.9644973,94.33139496,309,15.09077637,169,0.000828681,1
17356.04933,233.198439,91.9348905,68,19.3824572,139,0.001949701,1
11812.64305,286.0870071,554.1875836,420,30.36544236,309,4.72E-05,1
11051.64786,389.1102946,82.34643383,493,1.38561915,181,0.001485986,0
3341.68978,176.8291698,279.4132857,356,1.150707348,209,0.001348678,1
8502.709455,11.5423473,313.9809313,38,21.5854614,171,0.000219705,0
2172.020754,244.1517833,535.6332745,405,21.95244962,195,0.001463902,1
3257.016924,163.5944834,263.1350566,323,35.74522182,113,0.000223913,1
1253.441821,455.0141851,167.5837339,419,7.981169572,33,0.001412019,0
6345.657336,317.157289,233.8386453,283,8.752653894,192,0.001207377,1
5577.691419,210.3050558,547.3587842,496,33.45873792,236,0.001364641,0
3191.464725,527.741089,123.5196818,232,18.1492954,231,0.001808629,0
1001.205397,439.3057111,134.9281191,235,30.60677713,80,0.000931683,0
9733.778728,206.8658449,592.5483695,112,26.53702697,325,0.00157559,1
2062.886257,542.2618031,437.4482155,126,8.424309284,211,0.000730545,0
11603.80856,54.17100207,523.8678588,351,34.66651553,54,0.000885394,1
14779.82568,476.0628544,185.5894508,224,3.477593855,325,0.001145392,1
12983.10536,138.9801422,51.3140647,383,13.73775835,298,2.07E-05,0
9586.333363,247.2921172,284.3874966,211,19.89103779,221,0.000409791,1
19887.34524,538.9871293,62.03173127,226,35.86923026,32,0.001068294,1
14003.33383,587.2246561,145.4636473,336,9.7786522,270,0.0018597,0
15821.21681,329.0710121,245.1816971,418,29.97290452,24,0.001361208,0
12748.31212,170.4209699,214.5033989,331,1.68616603,133,0.001034968,1
17476.26143,385.4381855,111.9593169,109,7.0288154,232,0.001647481,0
10474.22751,596.6977779,245.3927127,146,18.22929571,59,0.000147677,0
1378.927913,108.256503,494.9080258,504,5.755461644,224,0.000470548,1
10387.16299,396.417663,466.9271586,489,20.00184634,127,0.001892581,1
18909.54376,227.4332917,310.6329263,275,20.38291588,122,0.00175705,0
2127.226421,305.1803397,92.8528257,372,11.09880506,221,0.000401533,1
5730.124476,21.27230035,159.574589,155,1.312366031,341,0.00111767,0
13996.05206,385.5279195,205.9209414,225,20.36585798,223,0.001200261,0
10971.41773,110.2897199,591.402529,527,9.095244503,47,0.001762083,1
11308.2802,29.488046,499.1140396,481,37.08333584,98,0.001066093,1
19040.96251,189.3127468,381.8096279,468,9.669983681,341,0.001595714,1
18845.72748,24.13640965,445.2967199,157,9.182830889,320,0.001871531,1
16012.04236,115.79636,340.517036,493,9.621314369,69,0.000575017,0
10122.68167,484.8878736,373.0331484,81,34.57909129,16,0.000548987,0
2429.34665,194.0700596,599.7894831,492,13.44688264,302,3.10E-05,1
7026.311071,75.09234082,283.850477,20,37.93108333,93,0.001751788,0
3829.309985,507.645404,459.8964204,105,28.96018079,251,0.000166137,0
6969.611695,452.3900795,252.7648919,147,12.82241858,10,0.001356591,0
8810.260959,306.9221375,576.3938762,347,14.81240637,142,0.00135329,1
7807.940246,316.1403332,273.5935876,422,28.90840043,79,0.000679663,0
16382.63556,374.6748435,376.4694309,463,8.977194303,330,0.000161996,0
11203.47423,465.3240696,242.9781638,121,17.30811335,132,0.000242934,0
9555.984429,450.4688115,446.0248367,359,32.5178689,340,7.57E-05,1
19701.78796,508.9236471,84.46262111,103,30.04569536,209,0.000615623,0
2766.088833,364.2174626,66.52468862,58,34.1989472,215,5.49E-05,0
2696.168406,280.1416199,147.1341477,95,24.59260242,226,0.001313717,1
8714.249129,339.4472861,110.5126214,395,37.13621619,100,0.001314597,0
17700.64522,518.9068079,567.9782861,288,28.1502975,214,0.001120929,0
16513.90408,559.5392232,510.4283992,296,5.06622746,336,1.79E-05,0
12185.6576,57.66019806,324.1008882,449,5.633508234,90,0.001954359,1
7667.567464,410.4276491,442.2209085,359,11.68104487,7,0.001866122,0
11212.69001,469.7603468,203.1154094,350,4.349376457,283,0.000623996,0
2069.369744,123.506754,369.7284995,447,4.240058539,337,0.000518847,0
10743.28687,183.6696238,368.7048154,425,32.72181526,97,0.000894729,1
1554.89154,214.6730147,56.19921376,96,19.08158797,158,0.00056364,0
8621.886254,24.54959152,477.9773251,513,19.92720899,96,0.000504864,1
5028.089845,54.78717247,484.9316156,133,35.12953692,58,0.001583003,0
12669.70858,519.6527394,454.5646502,181,6.817614694,190,0.000510886,1
3900.358705,488.1535307,125.0288644,433,13.12012999,111,0.000155212,1
5478.115566,313.438855,300.7168034,280,14.74665182,278,0.000851981,0
16540.78118,400.7108158,485.1993862,77,21.79174952,178,0.001800844,1
16164.77345,426.5806156,101.1994426,255,18.1658107,114,0.000828349,1
9276.339897,213.8298519,175.3342106,84,32.2688048,190,0.000237038,0
10872.67911,162.0344912,330.9620174,364,30.28849902,234,0.000264938,1
2674.509896,139.8561341,388.2018973,401,39.76730552,261,0.000781088,1
9206.184647,472.5486717,513.0552233,6,10.99164895,247,0.000481509,0
13619.10494,332.7558113,414.9340668,92,20.74534109,279,0.000640594,1
15027.61433,185.793976,83.23213473,148,38.41633986,29,0.001236851,1
11576.3171,417.9365353,546.1208789,174,38.48640826,286,0.000479693,0
15531.6098,577.591717,399.7489049,280,32.33328317,28,0.000414186,0
910.8029156,320.6210148,175.1762745,376,19.60116543,324,0.001840255,1
6034.22834,108.5566883,576.6001393,275,28.39386631,47,0.001739624,0
14843.12761,219.0424111,73.58086503,29,6.254734756,179,0.00026466,1
15617.1821,551.873329,239.3817396,245,18.34437489,45,0.001875134,1
8363.11575,472.5554393,564.069766,531,24.94642541,210,0.000859022,1
7748.624018,514.7985528,226.4107177,196,25.17492573,250,0.00066026,1
8012.314049,104.3815436,421.5244519,417,4.258444607,66,0.000913803,0
18718.60573,304.369848,310.4466398,377,2.283881297,11,0.001549693,0
6472.831728,476.0027709,151.4918848,180,26.21333645,4,0.001489086,0
7281.60296,295.8993146,510.6526658,406,20.61267982,337,0.000795583,1
14633.06966,268.2316821,462.4823163,182,30.30829119,269,0.001288927,1
14995.51941,287.8699201,529.9559123,313,22.93946255,178,0.001446142,1
6398.597193,225.770741,147.826174,403,20.00658338,280,8.91E-05,1
10092.38957,152.2628752,535.4208749,370,36.76156648,196,0.000485723,0
15699.67943,428.6359526,129.1513528,292,1.283902102,7,0.000201495,0
10922.12062,345.3524761,481.1639025,56,32.86421558,282,0.001000792,0
16570.84796,489.2488529,339.2242031,288,37.58059524,12,0.000200271,0
9108.44185,251.6081578,177.7306477,187,14.67798263,121,0.001779826,1
6772.474093,248.3345568,340.0038125,6,33.78573178,268,0.000839146,0
2210.986397,522.0418972,555.4552175,9,24.86707541,14,0.000569447,1
2036.099372,305.818314,206.6876179,344,23.7801311,117,0.001679243,0
15524.41372,23.88710068,172.3503233,278,6.157119535,91,0.001960268,1
10002.78367,17.17700927,437.4377235,459,28.51349513,216,0.000857814,1
10615.52287,353.8324141,100.9571431,5,35.753692,108,0.000491064,1
12989.86075,332.9618261,138.7085321,227,5.009566841,39,0.001937551,1
3016.358971,548.1258523,347.8552411,475,23.96124511,121,0.001883403,1
8382.776238,39.66243024,212.2560604,334,2.792210804,264,0.000977553,1
1607.770137,540.9229056,536.6121562,242,19.14962731,45,0.000821439,1
18149.39962,549.4755299,470.6537079,489,17.05647744,290,0.000709781,0
16173.57114,368.1287086,264.2985685,213,38.66033048,12,0.000109481,1
11540.90943,187.0296744,62.59454147,422,31.94425572,304,0.00197592,1
10350.55314,37.96406012,566.1740999,6,7.050451993,132,0.001379288,0
12959.88437,95.39361734,401.0953324,541,36.51321244,343,0.000188144,1
6775.797018,186.2224643,422.0467904,143,37.61907701,25,0.001383425,0
14508.59364,286.8027208,509.9245184,448,21.47767961,310,0.000595092,0
3315.93601,260.0904908,451.1503994,358,4.145841587,126,0.001444263,1
3205.802528,308.9659244,105.2086068,89,34.36951275,335,0.00019511,1
12117.35725,486.291593,411.5025013,304,20.77794674,155,0.000322096,1
11830.1693,37.17090259,277.682478,530,26.44142475,212,0.000637857,1
19325.0274,408.4919522,374.923323,260,5.095342423,253,0.001747757,0
2019.987284,237.9927488,323.3346057,457,1.918127419,220,0.000201348,0
6527.921042,324.1582055,370.3227158,368,22.20228259,69,0.001262598,1
16472.49302,463.021781,343.198375,343,0.593,332,0.00118122,0
19215.68951,602.892573,562.320481,298,1.78,246,0.00090791,0
26040.56791,509.233682,386.294211,502,0.905,445,0.00152958,0
20160.73289,358.294819,234.045872,535,2.165,524,0.00172372,0
16489.13756,462.512371,343.561272,344,0.589,333,0.00118256,0
19230.18462,603.043628,563.156237,299,1.785,247,0.00090874,0
26065.82405,510.451207,386.628476,503,0.897,446,0.00153099,0
20181.08537,359.002584,234.159773,536,2.142,525,0.00172498,0
16505.78671,463.102153,344.089836,345,0.585,334,0.00118391,0
19244.68247,603.195348,563.988358,300,1.77,248,0.00090958,0
26091.07919,511.673432,386.962741,504,0.89,447,0.00153241,0
20201.44045,359.710279,234.273674,537,2.12,526,0.00172624,0
16522.43686,463.693935,344.522138,346,0.58,335,0.00118526,0
19259.18032,603.347073,564.82148,301,1.76,249,0.00091042,0
26116.33433,512.896657,387.297006,505,0.883,448,0.00153383,0
20221.79752,360.418033,234.387575,538,2.098,527,0.0017275,0
16539.08701,464.285718,344.95444,347,0.576,336,0.0011866,0
19273.67817,603.498798,565.654601,302,1.75,250,0.00091126,0
26141.58947,514.119882,387.63127,506,0.875,449,0.00153525,0
20242.15459,361.125788,234.501476,539,2.075,528,0.00172876,0
16555.73716,464.877501,345.386742,348,0.572,337,0.00118794,0
19288.17602,603.650523,566.487723,303,1.74,251,0.0009121,0
26166.84461,515.343107,387.965535,507,0.868,450,0.00153667,0
20262.51166,361.833544,234.615377,540,2.052,529,0.00173002,0
16572.38731,465.469284,345.819045,349,0.568,338,0.00118928,0
19302.67387,603.802248,567.320844,304,1.73,252,0.00091294,0
26192.09975,516.566332,388.299799,508,0.86,451,0.00153809,0
20282.86873,362.541299,234.729278,541,2.029,530,0.00173128,0
16589.03746,466.061067,346.251347,350,0.564,339,0.00119062,0
19317.17172,603.953973,568.153965,305,1.72,253,0.00091378,0
26217.35489,517.789557,388.634064,509,0.853,452,0.00153951,0
20303.2258,363.249054,234.843179,542,2.005,531,0.00173254,0
16605.68761,466.65285,346.683649,351,0.56,340,0.00119196,0
19331.66957,604.105698,568.987086,306,1.71,254,0.00091462,0
26242.61003,519.012782,388.968329,510,0.845,453,0.00154093,0
20323.58287,363.956809,234.95708,543,1.982,532,0.0017338,0
16622.33776,467.244633,347.115951,352,0.556,341,0.0011933,0
19346.16742,604.257423,569.820207,307,1.7,255,0.00091546,0
26267.86517,520.236007,389.302594,511,0.838,454,0.00154235,0
20343.93994,364.664564,235.070981,544,1.96,533,0.00173506,0
16638.98791,467.836416,347.548254,353,0.552,342,0.00119464,0
19360.66527,604.409148,570.653328,308,1.69,256,0.0009163,0
26293.12031,521.459232,389.636858,512,0.83,455,0.00154377,0
20364.29701,365.372319,235.184882,545,1.937,534,0.00173632,0
16655.63806,468.428199,347.980556,354,0.548,343,0.00119598,0
19375.16312,604.560873,571.486449,309,1.68,257,0.00091714,0
26318.37545,522.682457,389.971123,513,0.823,456,0.00154519,0
20384.65408,366.080074,235.298783,546,1.914,535,0.00173758,0
16452.67928,462.12795,342.1684535,342,0.601,331,0.001179689,0
19201.28989,601.7515399,561.4724815,297,1.799,245,0.000906339,0
26016.29973,508.0514711,385.9562911,501,0.914,444,0.001528161,0
20140.38324,357.086331,233.9369396,534,2.174,523,0.001722505,0
18012.75839,510.0729353,397.2554892,455,1.073,378,0.001377156,0
21030.22185,625.7820185,533.3450123,290,1.512,256,0.001009402,0
18230.74849,550.3703725,408.2657734,470,0.834,399,0.001465213,0
22012.52984,610.0728334,512.1081326,300,1.234,267,0.001114218,0
24001.37857,593.7637221,466.9704912,520,0.987,475,0.001288462,0
19503.28495,540.1122487,413.4627032,350,1.612,285,0.001203612,0
22020.14871,625.8461913,521.7896047,310,1.044,278,0.001104876,0
20510.30691,555.2137324,419.7841528,460,1.283,420,0.001338774,0
20030.19503,532.4589531,400.1238769,480,1.139,460,0.001246843,0
21530.19504,588.3479836,453.6794528,505,0.967,485,0.001311021,0
22540.11242,605.6514739,523.8795123,520,1.052,490,0.001318424,0
21010.41238,577.3456421,456.9657321,470,1.193,460,0.001276021,0
24001.75283,600.2558767,505.6727432,530,0.907,495,0.001319372,0
22530.19271,598.4679262,491.0341795,510,1.021,470,0.001307519,0
20002.13784,540.3151163,415.2437621,460,1.238,455,0.001254703,0
23010.81272,615.1528374,529.3329051,540,1.098,500,0.001333431,0
24012.23198,628.4429511,533.4893078,550,0.889,510,0.001347162,0
25011.01239,635.1937462,550.1187264,560,0.947,520,0.001361243,0
23022.57383,618.4232157,526.4902134,540,1.034,510,0.001338461,0
22510.74683,612.3458716,518.2375731,530,1.048,505,0.001327417,0
23530.15794,623.2712871,531.2942357,540,1.01,515,0.001340156,0
21002.13689,570.4122382,457.8792223,490,1.121,475,0.001271483,0
24530.18275,633.2135679,545.5126534,550,0.999,525,0.001352453,0
25010.46731,640.0329113,552.3542846,560,0.92,530,0.001359418,0
21510.36438,583.4762312,458.2101671,480,1.113,465,0.001267211,0
23500.52912,625.3480975,526.9837405,540,1.042,510,0.001337751,0
23020.12891,620.5429519,529.7412294,550,0.934,520,0.001344907,0
24002.13679,630.1789635,537.3452781,560,0.912,530,0.001353241,0
25010.12899,635.1023479,550.1864324,570,0.899,540,0.001360504,0
24520.76384,628.4559823,533.2146428,560,0.923,535,0.001350212,0
23001.13421,620.1023419,531.2078932,540,1.009,510,0.001340612,0
22002.21373,610.5233475,525.3672411,530,1.034,495,0.001328973,0
21530.48392,600.3640171,518.1245823,510,1.118,485,0.001317381,0
22500.29847,615.2382174,530.2554787,540,1.042,495,0.001336715,0
23520.54792,625.8319739,537.1424173,550,0.988,510,0.001348983,0
23030.19582,620.2547283,530.3241057,540,1.012,505,0.001341728,0
24010.13572,630.2234592,539.4812976,550,0.934,515,0.001352497,0
25030.17562,640.4567132,550.3478031,560,0.912,520,0.001360964,0
24520.76532,635.3724189,545.2149437,560,0.988,525,0.001359201,0
22020.13691,605.9837234,515.9782931,510,1.118,490,0.001328494,0
21510.38192,600.4135209,510.3541728,500,1.142,475,0.001318265,0
5691.771165,165.3959598,391.4560662,300,4.192,21,0.00102135,1
5656.070051,182.4421022,377.1722753,265,4.231,23,0.000920447,1
5490.867943,169.9275197,360.5734018,268,5.258,31,0.001167305,1
5692.965868,164.5270755,375.3678298,299,4.27,19,0.000964575,1
842.6856418,20.35226764,221.6143451,7,40.508,7,0.000221527,0
696.772181,13.12163954,156.0234313,5,51.996,4,9.53E-05,0
836.8328447,13.73974395,170.4790508,6,60.097,4,5.63E-05,0
756.1358508,20.49037588,185.0753037,7,36.005,5,0.000211786,0
16452.67928,462.12795,342.1684535,342,0.601,331,0.001179689,0
19201.28989,601.7515399,561.4724815,297,1.799,245,0.000906339,0
26016.29973,508.0514711,385.9562911,501,0.914,444,0.001528161,0
20140.38324,357.086331,233.9369396,534,2.174,523,0.001722505,0
5691.771165,165.3959598,391.4560662,300,4.192,21,0.00102135,1
5656.070051,182.4421022,377.1722753,265,4.231,23,0.000920447,1
5490.867943,169.9275197,360.5734018,268,5.258,31,0.001167305,1
5692.965868,164.5270755,375.3678298,299,4.27,19,0.000964575,1
5782.165332,170.8211456,390.0561321,310,4.15,22,0.001054923,1
5893.420456,174.5220193,365.7819905,290,4.3,25,0.001011854,1
5604.232134,162.7214782,376.9086423,280,4.4,20,0.000978329,1
6002.137248,175.6642015,380.2112574,315,4.05,28,0.001030478,1
5401.983762,168.1359784,366.0234598,270,5,30,0.001148923,1
5901.786342,180.1551892,370.6121334,300,4.1,26,0.001085617,1
5532.876432,167.8724934,369.0101105,265,4.25,24,0.001062018,1
5864.230715,179.3154421,384.2214752,310,4.3,29,0.001027324,1
5772.944901,163.8264067,388.0023315,280,4.15,21,0.001014823,1
6100.413288,185.3565439,370.0236719,325,4.05,32,0.001076834,1
5568.092378,171.2457826,374.9821468,290,4.3,27,0.001099207,1
5999.532581,182.7554931,369.2740321,305,4.1,31,0.001043667,1
5884.971992,173.1543024,366.7728285,295,4.2,26,0.001014516,1
6125.045631,186.2955178,379.5687724,320,4,33,0.001084312,1
5761.722089,170.6542945,375.1187029,310,4.15,22,0.001053097,1
5639.114942,165.3457273,380.2250561,280,4.4,19,0.001016443,1
5902.45937,178.4456011,368.0533022,300,4.2,30,0.001070426,1
5578.631084,164.9803024,373.2168225,270,4.3,25,0.001028904,1
6003.879562,177.0235799,380.3452494,310,4.1,28,0.001045672,1
5413.835211,169.5432201,362.9825617,285,4.4,23,0.001112359,1
5823.091649,174.0625608,367.8713343,295,4.25,27,0.001032915,1
5682.721471,160.9745128,379.9432203,270,4.5,22,0.001008626,1
6007.292843,176.2367492,375.8941245,320,4,29,0.001057369,1
5612.318466,168.1196434,368.2744892,280,4.35,24,0.001039027,1
5863.182219,172.4128597,376.7865107,300,4.2,25,0.001024309,1
5739.556411,169.0074856,369.0557436,290,4.3,23,0.001014706,1
6015.346318,175.8672049,366.8132103,310,4.1,30,0.001033899,1
5852.494301,172.2124594,365.6920212,295,4.4,28,0.001022441,1
5736.758734,166.0234963,373.2125357,280,4.5,26,0.001005332,1
5989.536124,178.6327659,379.0069518,320,4.1,29,0.001054118,1
5634.272042,171.8761263,368.9086409,290,4.3,24,0.001030987,1
5892.517228,174.3146825,377.4430668,310,4.2,27,0.001048741,1
5579.870316,165.9831418,380.0489532,285,4.25,23,0.001025457,1
5911.964337,177.9148243,373.5669027,300,4.1,26,0.001046839,1
5623.901822,168.9847037,368.5576812,280,4.3,25,0.001014722,1
5899.481323,172.2395071,365.0748903,310,4.15,28,0.001029593,1
5793.276271,169.6843259,375.5486354,290,4.4,24,0.001042615,1
6006.738983,176.7039257,366.8724185,310,4.2,29,0.001038142,1
5750.139389,171.5871134,370.1786061,280,4.3,23,0.001014123,1
5912.604681,174.9217421,373.3404245,300,4.15,27,0.001029848,1
5632.923501,167.2123653,376.4387292,290,4.25,25,0.001017722,1
5783.391256,173.0745565,368.6722644,310,4.3,28,0.001038261,1
5921.973928,178.3115384,369.0224691,320,4.1,29,0.001050586,1
5682.456971,165.5494242,373.2190873,290,4.35,26,0.001025428,1
842.6856418,20.35226764,221.6143451,7,40.508,7,0.000221527,0
696.772181,13.12163954,156.0234313,5,51.996,4,9.53E-05,0
836.8328447,13.73974395,170.4790508,6,60.097,4,5.63E-05,0
756.1358508,20.49037588,185.0753037,7,36.005,5,0.000211786,0
912.5367714,21.57430633,228.0013541,8,38.701,6,0.000228319,0
680.8274942,12.73912674,167.4232311,4,53.876,3,9.20E-05,0
750.1637395,14.10281524,160.5461227,5,59.204,4,6.72E-05,0
802.1485173,20.37128373,190.2146931,7,45.102,5,0.000205389,0
892.0216445,22.05243429,220.1221369,8,42.004,6,0.000216273,0
670.7395269,12.87523673,165.8472316,4,54.431,3,8.99E-05,0
780.2093473,19.48264521,180.2350437,6,47.673,4,0.000195348,0
820.4174679,20.83980417,175.0049872,7,41.204,5,0.000202761,0
734.0811526,14.00456789,168.2123458,5,50.398,4,6.56E-05,0
800.3319844,20.22513969,185.7890032,7,43.216,5,0.000207869,0
760.8742902,13.98816342,170.6532319,5,52.201,4,7.04E-05,0
850.2371443,21.21458213,220.5469283,8,39.32,6,0.000221059,0
690.2954077,13.41020651,158.0123448,5,55.412,3,9.10E-05,0
780.5076712,14.32350618,160.9482734,6,49.021,4,7.53E-05,0
840.2612196,20.47380921,182.9821537,7,44.112,5,0.000209372,0
900.1376234,21.00445697,210.6349217,8,40.898,6,0.000214562,0
710.4389321,13.66720583,165.9034122,5,53.421,3,8.95E-05,0
770.9811467,14.56972129,172.1184535,6,48.105,4,7.92E-05,0
810.2359823,20.00413914,178.2134921,7,42.876,5,0.000201672,0
700.1076975,12.91232572,162.4830653,4,54.217,3,8.73E-05,0
860.2217493,20.85623119,185.1452682,7,41.67,5,0.000212399,0
740.0491538,13.78976161,167.3284791,5,50.659,4,6.85E-05,0
830.0628945,20.37128373,190.2146931,7,45.102,5,0.000205389,0
900.1123617,21.00344562,205.8456123,8,39.214,6,0.000212753,0
720.1154558,13.91536224,164.6724932,5,52.671,4,7.01E-05,0
780.6724324,14.32350618,160.9482734,6,49.021,4,7.53E-05,0
850.2571468,21.23536242,220.5129733,8,39.321,6,0.000221058,0
690.2347483,13.40412562,157.9476834,5,55.435,3,9.12E-05,0
740.3148521,14.67529347,173.2976342,6,47.211,4,7.95E-05,0
800.5028359,20.23532115,182.6518229,7,44.001,5,0.000208462,0
900.1797345,21.00457873,209.6251978,8,40.42,6,0.000215786,0
710.4513582,13.61672249,164.2147895,5,53.38,3,8.91E-05,0
770.3654821,14.52347919,171.6124582,6,48.017,4,7.81E-05,0
810.2273427,20.05368921,178.4123693,7,42.998,5,0.000202155,0
700.1178232,12.92576512,163.0214263,4,54.183,3,8.76E-05,0
860.1547281,20.89327734,185.3547181,7,41.514,5,0.000212754,0
16452.67928,462.12795,342.1684535,342,0.601,331,0.001179689,0
19201.28989,601.7515399,561.4724815,297,1.799,245,0.000906339,0
26016.29973,508.0514711,385.9562911,501,0.914,444,0.001528161,0
20140.38324,357.086331,233.9369396,534,2.174,523,0.001722505,0
18012.75839,510.0729353,397.2554892,455,1.073,378,0.001377156,0
21030.22185,625.7820185,533.3450123,290,1.512,256,0.001009402,0
18230.74849,550.3703725,408.2657734,470,0.834,399,0.001465213,0
22012.52984,610.0728334,512.1081326,300,1.234,267,0.001114218,0
24001.37857,593.7637221,466.9704912,520,0.987,475,0.001288462,0
19503.28495,540.1122487,413.4627032,350,1.612,285,0.001203612,0
22020.14871,625.8461913,521.7896047,310,1.044,278,0.001104876,0
20510.30691,555.2137324,419.7841528,460,1.283,420,0.001338774,0
20030.19503,532.4589531,400.1238769,480,1.139,460,0.001246843,0
21530.19504,588.3479836,453.6794528,505,0.967,485,0.001311021,0
22540.11242,605.6514739,523.8795123,520,1.052,490,0.001318424,0
21010.41238,577.3456421,456.9657321,470,1.193,460,0.001276021,0
24001.75283,600.2558767,505.6727432,530,0.907,495,0.001319372,0
22530.19271,598.4679262,491.0341795,510,1.021,470,0.001307519,0
20002.13784,540.3151163,415.2437621,460,1.238,455,0.001254703,0
23010.81272,615.1528374,529.3329051,540,1.098,500,0.001333431,0
24012.23198,628.4429511,533.4893078,550,0.889,510,0.001347162,0
25011.01239,635.1937462,550.1187264,560,0.947,520,0.001361243,0
23022.57383,618.4232157,526.4902134,540,1.034,510,0.001338461,0
22510.74683,612.3458716,518.2375731,530,1.048,505,0.001327417,0
23530.15794,623.2712871,531.2942357,540,1.01,515,0.001340156,0
21002.13689,570.4122382,457.8792223,490,1.121,475,0.001271483,0
24530.18275,633.2135679,545.5126534,550,0.999,525,0.001352453,0
25010.46731,640.0329113,552.3542846,560,0.92,530,0.001359418,0
21510.36438,583.4762312,458.2101671,480,1.113,465,0.001267211,0
23500.52912,625.3480975,526.9837405,540,1.042,510,0.001337751,0
23020.12891,620.5429519,529.7412294,550,0.934,520,0.001344907,0
24002.13679,630.1789635,537.3452781,560,0.912,530,0.001353241,0
25010.12899,635.1023479,550.1864324,570,0.899,540,0.001360504,0
24520.76384,628.4559823,533.2146428,560,0.923,535,0.001350212,0
23001.13421,620.1023419,531.2078932,540,1.009,510,0.001340612,0
22002.21373,610.5233475,525.3672411,530,1.034,495,0.001328973,0
21530.48392,600.3640171,518.1245823,510,1.118,485,0.001317381,0
22500.29847,615.2382174,530.2554787,540,1.042,495,0.001336715,0
23520.54792,625.8319739,537.1424173,550,0.988,510,0.001348983,0
23030.19582,620.2547283,530.3241057,540,1.012,505,0.001341728,0
24010.13572,630.2234592,539.4812976,550,0.934,515,0.001352497,0
25030.17562,640.4567132,550.3478031,560,0.912,520,0.001360964,0
24520.76532,635.3724189,545.2149437,560,0.988,525,0.001359201,0
22020.13691,605.9837234,515.9782931,510,1.118,490,0.001328494,0
21510.38192,600.4135209,510.3541728,500,1.142,475,0.001318265,0
5742.17401,168.54367,389.78431,310,4.221,23,0.00102534,1
5613.24968,177.63992,380.49134,265,4.177,22,0.00091671,1
5419.52356,165.20435,365.48974,275,5.134,30,0.00114896,1
5671.87623,162.62715,370.14597,295,4.284,18,0.00094861,1
5701.98051,174.05643,384.17564,310,4.312,24,0.00101872,1
5602.68493,180.11244,375.06789,270,4.211,21,0.00091156,1
5520.99351,167.87211,358.90329,280,5.023,28,0.00113768,1
5723.58672,169.42495,367.18932,295,4.249,25,0.00102254,1
5634.07218,174.99981,378.53061,285,4.376,22,0.00092041,1
5699.74641,167.69439,366.38074,290,4.311,19,0.00096528,1
5752.98351,170.43174,371.78256,310,4.199,26,0.00102475,1
5674.20817,172.83477,375.38429,300,4.257,23,0.00092742,1
5590.87216,175.90115,367.21438,270,4.378,22,0.00091367,1
5402.16527,160.35211,358.46147,280,5.125,29,0.00114896,1
5632.36491,168.24158,373.45682,295,4.216,25,0.00102091,1
5505.23184,162.79471,361.89928,285,4.391,24,0.00095123,1
5678.12491,170.64985,368.21569,310,4.232,22,0.00101651,1
5624.31504,173.21091,376.50972,295,4.267,23,0.00092123,1
5762.83045,169.40291,368.84521,315,4.192,27,0.00102436,1
5690.57381,171.52391,372.08661,300,4.239,23,0.00092674,1
5759.21264,168.65123,369.57831,310,4.215,26,0.00102201,1
5637.61249,175.30429,377.21156,290,4.281,21,0.00091918,1
5615.73088,172.91214,370.50478,285,4.299,22,0.00091465,1
5703.91172,168.50675,366.75992,300,4.247,25,0.00102091,1
5619.38073,171.33445,369.11273,290,4.278,24,0.00091672,1
5507.89265,165.09823,359.14291,280,5.039,28,0.00114013,1
5653.92486,174.32847,375.90614,295,4.222,22,0.00092048,1
5638.27135,170.09236,368.29921,300,4.246,24,0.00102235,1
5732.18567,172.72891,374.46512,305,4.213,25,0.00092701,1
5641.25892,169.93581,366.75823,295,4.251,23,0.00091947,1
5748.42317,175.30984,377.46902,310,4.195,26,0.00102119,1
5617.04938,172.84261,371.47683,290,4.279,23,0.00091743,1
5704.22894,168.64299,369.45691,305,4.227,25,0.00101928,1
5679.30865,173.05845,374.57249,310,4.208,24,0.00092589,1
5632.19283,170.42451,368.31279,300,4.243,25,0.00102146,1
5613.97247,175.14639,376.10483,295,4.258,23,0.00092034,1
5746.48133,171.23599,369.49812,305,4.232,26,0.00102134,1
5635.72044,172.83567,374.38428,295,4.244,23,0.00091926,1
5629.50348,170.12928,368.91567,290,4.276,22,0.00091558,1
5723.73928,173.12453,374.70314,310,4.201,24,0.00102206,1
5611.10283,170.34253,369.21509,290,4.269,23,0.00091685,1
5709.17392,172.43288,373.42514,305,4.222,25,0.00102049,1
5678.36471,170.74513,369.68292,300,4.243,24,0.00092111,1
5641.95101,171.80314,375.15242,295,4.259,23,0.00091971,1
5615.29834,169.73442,368.49613,290,4.268,22,0.00091567,1
847.6547321,20.45217356,222.567433,8,39.875,8,0.00022412,0
690.9083721,13.00543121,157.456783,6,50.781,5,9.76E-05,0
832.4536874,13.92423645,169.309254,7,59.125,4,5.45E-05,0
758.2135487,20.34523976,184.592134,8,35.523,6,0.00021089,0
839.1256049,20.38264356,223.912343,7,41.098,7,0.00022215,0
689.7245804,12.98312346,156.903876,6,52.403,5,9.42E-05,0
828.2937763,13.83265945,168.572914,7,58.367,4,5.27E-05,0
757.4369873,20.25163459,184.062478,8,34.925,6,0.00021143,0
840.6742324,20.41126987,224.250674,7,41.25,7,0.00022279,0
687.1293761,13.09124913,157.323498,6,51.901,5,9.59E-05,0
835.1273656,13.78561372,169.049877,7,59.501,4,5.50E-05,0
759.5876729,20.41036834,185.004926,8,36.014,6,0.00021234,0
841.2365895,20.45678921,223.568342,7,41.213,7,0.00022301,0
688.4560392,13.03952458,156.572343,6,51.234,5,9.47E-05,0
836.9852834,13.90164723,169.203879,7,58.923,4,5.33E-05,0
756.8521647,20.43214257,184.952314,8,35.78,6,0.00021198,0
840.1245678,20.36718956,223.957104,7,41.45,7,0.00022256,0
690.1023824,13.14357832,157.010238,6,51.654,5,9.53E-05,0
832.9826741,13.82351264,168.401129,7,59.002,4,5.39E-05,0
759.8125401,20.29867438,184.711983,8,36.3,6,0.00021177,0
841.5021369,20.42347983,223.768239,7,41.372,7,0.00022289,0
688.9784537,13.07514271,157.188509,6,51.85,5,9.59E-05,0
835.2135612,13.89274857,169.430914,7,58.8,4,5.46E-05,0
757.1269249,20.31547892,185.160314,8,35.95,6,0.00021218,0
840.8943204,20.39792367,224.099876,7,41.55,7,0.00022272,0
689.3456217,13.08573412,157.289463,6,51.923,5,9.56E-05,0
834.7582931,13.78642534,169.213459,7,58.654,4,5.50E-05,0
758.5647893,20.27698342,184.957621,8,36.12,6,0.00021202,0
841.6345082,20.41713823,223.890526,7,41.4,7,0.00022283,0
690.5634721,13.13402788,157.054812,6,51.765,5,9.52E-05,0
836.1746529,13.87523671,169.179361,7,59.12,4,5.44E-05,0
758.2217457,20.34849271,184.832903,8,35.876,6,0.00021195,0
841.1037689,20.43907129,223.789745,7,41.525,7,0.00022264,0
689.7502836,13.09875492,157.161342,6,51.932,5,9.49E-05,0
834.6421732,13.80413297,169.271428,7,58.96,4,5.48E-05,0
759.4701245,20.31457653,184.968235,8,36.045,6,0.00021168,0
841.5610274,20.42235791,223.893421,7,41.47,7,0.00022288,0
690.2047869,13.12565342,157.125893,6,51.87,5,9.54E-05,0
836.3965832,13.85871945,169.143732,7,59.03,4,5.51E-05,0
758.9147341,20.36359273,185.062734,8,35.999,6,0.00021209,0
841.0291952,20.43269114,223.976249,7,41.55,7,0.00022274,0
689.9873645,13.10782921,157.188765,6,51.905,5,9.58E-05,0
834.5172764,13.82941215,169.110835,7,58.8,4,5.47E-05,0
759.6423091,20.39427612,184.912573,8,36.102,6,0.00021216,0
841.2205628,20.40248574,223.957364,7,41.493,7,0.00022296,0
16472.49302,463.021781,343.198375,343,0.593,332,0.00118122,0
19215.68951,602.892573,562.320481,298,1.78,246,0.00090791,0
26040.56791,509.233682,386.294211,502,0.905,445,0.00152958,0
20160.73289,358.294819,234.045872,535,2.165,524,0.00172372,0
16489.13756,462.512371,343.561272,344,0.589,333,0.00118256,0
19230.18462,603.043628,563.156237,299,1.785,247,0.00090874,0
26065.82405,510.451207,386.628476,503,0.897,446,0.00153099,0
20181.08537,359.002584,234.159773,536,2.142,525,0.00172498,0
16505.78671,463.102153,344.089836,345,0.585,334,0.00118391,0
19244.68247,603.195348,563.988358,300,1.77,248,0.00090958,0
26091.07919,511.673432,386.962741,504,0.89,447,0.00153241,0
20201.44045,359.710279,234.273674,537,2.12,526,0.00172624,0
16522.43686,463.693935,344.522138,346,0.58,335,0.00118526,0
19259.18032,603.347073,564.82148,301,1.76,249,0.00091042,0
26116.33433,512.896657,387.297006,505,0.883,448,0.00153383,0
20221.79752,360.418033,234.387575,538,2.098,527,0.0017275,0
16539.08701,464.285718,344.95444,347,0.576,336,0.0011866,0
19273.67817,603.498798,565.654601,302,1.75,250,0.00091126,0
26141.58947,514.119882,387.63127,506,0.875,449,0.00153525,0
20242.15459,361.125788,234.501476,539,2.075,528,0.00172876,0
16555.73716,464.877501,345.386742,348,0.572,337,0.00118794,0
19288.17602,603.650523,566.487723,303,1.74,251,0.0009121,0
26166.84461,515.343107,387.965535,507,0.868,450,0.00153667,0
20262.51166,361.833544,234.615377,540,2.052,529,0.00173002,0
16572.38731,465.469284,345.819045,349,0.568,338,0.00118928,0
19302.67387,603.802248,567.320844,304,1.73,252,0.00091294,0
26192.09975,516.566332,388.299799,508,0.86,451,0.00153809,0
20282.86873,362.541299,234.729278,541,2.029,530,0.00173128,0
16589.03746,466.061067,346.251347,350,0.564,339,0.00119062,0
19317.17172,603.953973,568.153965,305,1.72,253,0.00091378,0
26217.35489,517.789557,388.634064,509,0.853,452,0.00153951,0
20303.2258,363.249054,234.843179,542,2.005,531,0.00173254,0
16605.68761,466.65285,346.683649,351,0.56,340,0.00119196,0
19331.66957,604.105698,568.987086,306,1.71,254,0.00091462,0
26242.61003,519.012782,388.968329,510,0.845,453,0.00154093,0
20323.58287,363.956809,234.95708,543,1.982,532,0.0017338,0
16622.33776,467.244633,347.115951,352,0.556,341,0.0011933,0
19346.16742,604.257423,569.820207,307,1.7,255,0.00091546,0
26267.86517,520.236007,389.302594,511,0.838,454,0.00154235,0
20343.93994,364.664564,235.070981,544,1.96,533,0.00173506,0
16638.98791,467.836416,347.548254,353,0.552,342,0.00119464,0
19360.66527,604.409148,570.653328,308,1.69,256,0.0009163,0
26293.12031,521.459232,389.636858,512,0.83,455,0.00154377,0
20364.29701,365.372319,235.184882,545,1.937,534,0.00173632,0
16655.63806,468.428199,347.980556,354,0.548,343,0.00119598,0
19375.16312,604.560873,571.486449,309,1.68,257,0.00091714,0
26318.37545,522.682457,389.971123,513,0.823,456,0.00154519,0
20384.65408,366.080074,235.298783,546,1.914,535,0.00173758,0
5743.117532,167.614042,388.273481,306,4.12,23,0.00102365,1
5706.340087,180.316428,379.495902,274,4.23,26,0.00092481,1
5549.956721,168.234832,359.103457,276,5.25,34,0.00116952,1
5739.672879,163.053627,373.932518,305,4.27,19,0.00096597,1
5756.202877,171.185052,387.034345,311,4.36,21,0.00102494,1
5703.681021,179.318597,380.797213,275,4.24,25,0.00092505,1
5565.062016,167.765243,359.764964,277,5.23,35,0.00116973,1
5748.237823,161.985703,374.506601,306,4.3,18,0.0009672,1
5762.953049,170.632904,387.515527,312,4.41,20,0.00102619,1
5715.054348,178.251403,381.97432,276,4.26,24,0.00092629,1
860.3247279,21.21034567,222.657942,8,41.23,8,0.00022398,0
710.1294511,13.48292346,158.257399,5,52.33,5,9.81E-05,0
860.8453917,13.98623849,172.39245,6,60.418,5,5.83E-05,0
768.4512825,21.04836431,187.289084,7,36.445,5,0.00021414,0
853.4773191,20.49071621,222.164317,7,41.1,6,0.0002242,0
712.3647153,13.61378078,158.928557,5,52.44,5,9.90E-05,0
861.5099814,13.99827487,172.563749,6,60.53,5,5.88E-05,0
770.0174201,21.12747085,187.549537,7,36.55,5,0.00021439,0
849.7526976,20.41021715,221.987653,7,41.23,6,0.00022445,0
713.4873442,13.73408729,159.295781,5,52.55,5,9.99E-05,0
16483.32462,462.609837,342.668456,344,0.613,333,0.00118015,0
19221.35872,602.223982,562.122694,299,1.803,247,0.00090715,0
26046.62913,508.681623,386.470463,503,0.916,446,0.00152911,0
20170.64315,357.406098,234.377172,536,2.176,525,0.00172394,0
16494.53415,462.841273,342.880519,345,0.614,334,0.00118038,0
19232.33501,602.460311,562.354666,300,1.804,248,0.00090748,0
26057.78268,508.94672,386.682625,504,0.917,447,0.00152945,0
20185.14129,357.565507,234.547303,537,2.177,526,0.00172417,0
16505.74469,463.072709,343.092582,346,0.615,335,0.00118061,0
19243.3113,602.69664,562.586638,301,1.805,249,0.00090781,0
12000.54821,350.216723,220.345671,210,300.142,5,0.00231543,0
9500.13274,412.834216,150.289234,180,250.723,12,0.00123456,1
35000.87654,600.56789,1000.12345,800,0.125,250,0.00321,1
7000.43218,200.123456,500,50,150.321,7,0.00001234,0
9000.765432,350.56789,650.987654,100,400.124,15,0.00234567,1
8000.123456,250.987654,800.345678,200,350.789,10,0.00123456,0
12000.98765,500.987654,200,300,100.567,25,0.00456789,1
18000.23457,450.987654,900.123456,400,50.987,30,0.00098765,0
5000.876543,150.123456,700.456789,80,500.123,5,0.00000012,1
16000.98765,700.234567,1200.987654,1000,100.456,40,0.0056789,0
5612.345678,180.9876543,380.567891,290,4.15,20,0.00101,1
5734.234567,170.3456789,400.234567,310,4.25,22,0.00095,1
5890.876543,160.9876543,390.987654,280,5,18,0.0011,1
5612.345678,175.5432101,370.123456,320,4.5,20,0.00103,1
5987.654321,180.1234567,380.765432,330,4.8,21,0.00105,1
5634.123456,185.9876543,390.234567,310,4.1,23,0.00108,1
5498.234567,172.3456789,380.345678,270,5.2,25,0.00096,1
5623.876543,162.9876543,370.765432,300,4.6,22,0.00104,1
5789.345678,169.5432101,375.123456,290,4.9,19,0.00102,1
5801.234567,175.9876543,380.234567,310,4.3,21,0.00101,1
5490.987654,160.2345678,360.765432,280,5.5,18,0.00098,1
5923.876543,177.654321,390.987654,300,4.2,20,0.00109,1
5776.54321,185.2345678,400.123456,330,4.6,22,0.00107,1
5642.123456,170.9876543,380.345678,290,5,21,0.00103,1
5820.765432,160.5432101,370.765432,280,5.4,20,0.001,1
5756.987654,175.2345678,390.234567,310,4.8,23,0.00105,1
5640.876543,180.3456789,380.123456,300,4.2,21,0.00106,1
5839.234567,173.9876543,385.765432,320,4.5,22,0.00102,1
5952.345678,165.7654321,375.234567,310,5.1,20,0.00104,1
5702.987654,180.2345678,390.345678,330,4.7,23,0.00103,1
5823.654321,170.1234567,380.765432,300,4.6,22,0.00102,1
5634.765432,160.9876543,370.123456,290,5.3,21,0.00101,1
5897.654321,175.2345678,380.234567,310,4.8,22,0.00105,1
5901.234567,180.9876543,390.987654,320,4.4,23,0.00106,1
5615.876543,160.3456789,370.765432,290,5.1,21,0.00102,1
5999.123456,180.1234567,400.234567,330,4.6,22,0.00103,1
5501.234567,170.9876543,380.345678,300,4.5,20,0.00101,1
5765.876543,175.2345678,390.123456,310,4.8,21,0.00102,1
5643.987654,160.2345678,370.765432,290,5,22,0.00101,1
5954.345678,170.5432101,380.234567,300,4.9,23,0.00105,1
5876.123456,160.9876543,370.987654,290,5.2,20,0.00104,1
5778.234567,175.2345678,380.345678,310,4.8,21,0.00102,1
5645.987654,180.3456789,390.123456,320,4.6,22,0.00101,1
5912.765432,170.9876543,380.234567,300,4.7,23,0.00102,1
5993.234567,160.1234567,370.765432,290,5,21,0.00101,1
5801.876543,175.9876543,390.234567,310,4.8,22,0.00102,1
5919.123456,180.2345678,400.345678,330,4.6,23,0.00105,1
5807.987654,170.9876543,380.765432,300,4.9,21,0.00101,1
5504.345678,160.1234567,370.234567,290,5.1,20,0.00101,1
5770.234567,175.2345678,390.987654,310,4.8,21,0.00102,1
5912.765432,180.9876543,400.234567,330,4.6,22,0.00103,1
5645.876543,160.2345678,370.123456,290,5.2,21,0.00101,1
